Please DO NOT SORT or change the structure of this table,,,,,,,
CSR_DATASET,CSR_FAMILY_NAME,CSR_FIRST_NAME,Author?,CSR_EMAIL,CSR_ORCID,"Institution, city, postal code, country",Support text
,Bond-Lamberty,Ben,Yes,bondlamberty@pnnl.gov,0000-0001-9525-4633,"Pacific Northwest National Laboratory, Joint Global Change Research Institute at the University of Maryland–College Park, College Park, MD 20740, USA", 
,Christianson,Danielle S.,Yes,dschristianson@lbl.gov,0000-0002-8663-7701,"Lawrence Berkeley National Laboratory, Berkeley, CA 94609, USA", 
,Malhotra,Avni,Yes,avnim@stanford.edu,0000-0002-7850-6402,"Stanford University, Stanford, CA 94305, USA", 
,Pennington,Stephanie C.,Yes,stephanie.pennington@pnnl.gov,0000-0003-2685-1092,"Pacific Northwest National Laboratory, Joint Global Change Research Institute at the University of Maryland–College Park, College Park, MD 20740, USA",
,Sihi,Debjani,Yes,sihid@ornl.gov,0000-0002-5513-8862,"Climate Change Science Institute and Environmental Sciences Division, Oak Ridge National Laboratory, 1 Bethel Valley Rd, Oak Ridge, TN 37830, USA", 
,Jian,Jinshi,Yes,jinshi.jian@pnnl.gov,0000-0002-5272-5367,"Pacific Northwest National Laboratory, Joint Global Change Research Institute at the University of Maryland–College Park, College Park, MD 20740, USA", 
,Hopple,Anya,Yes,anya.hopple@pnnl.gov,0000-0002-5957-8603,"Pacific Northwest National Laboratory, Richland, WA 99354, USA",
,Hopple,Anya,Yes,anya.hopple@pnnl.gov,0000-0002-5957-8603,"Smithsonian Environmental Research Center, Edgewater, MD 21037, USA",
d20190409_ANJILELI,AghaKouchak,Amir,Yes,amir.a@uci.edu,0000-0003-4689-8357,"Department of Civil and Environmental Engineering, University of California Irvine, Irvine, CA 92617, USA", 
d20190409_ANJILELI,Ashraf,Samaneh,Yes,samaneh.ashraf@mail.concordia.ca,0000-0003-4858-6496,"Concordia University, Montreal, Canada", 
d20190409_ANJILELI,Anjileli,Hassan,Yes,hassan.a@uci.edu,0000-0001-9635-0686,"Department of Civil and Environmental Engineering, University of California Irvine, Irvine, CA 92617, USA", 
d20190409_ANJILELI,Norouzi,Hamidreza,Yes,hnorouzi@citytech.cuny.edu ,0000-0003-0405-5108,"The City University of New York, Graduate Center Civil Engineering, 11201, NY, USA",
d20190409_ZOU,Zou,Junliang,Yes,jlzou@nwafu.edu.cn,0000-0001-9635-0686,"Beijing Research & Development Centre for Grass and Environment, Beijing Academy of Agriculture and Forestry Sciences, Beijing 100097, China",
d20190409_ZOU,Saunders,Matthew,Yes,SAUNDEM@tcd.ie,0000-0002-1965-8932,"Trinity College Dublin, School of Natural Sciences, Botany Department, College Green, D2, Dublin, Ireland", 
d20190409_ZOU,Osborne,Bruce,Yes,bruce.osborne@ucd.ie,0000-0003-2208-7285,"UCD School of Biology and Environmental Science and UCD Earth Institute, University College Dublin, Belfield, Dublin 4, Ireland",B.O. was supported by the Higher Education Authority Programme for Research at Third Level Institutions Cycle 5 (PRTLI 5)
d20190415_VARNER,Wofsy,Steve,No,,,, 
d20190415_VARNER,Varner,Ruth K.,Yes,ruth.varner@unh.edu,0000-0002-3571-6629,"Department of Earth Sciences and Institute for the Study of Earth, Oceans and Space, University of New Hampshire, Durham, NH 03824, USA", 
d20190415_VARNER,Crill,Patrick,Yes,patrick.crill@geo.su.se,0000-0003-1110-3059,"Department of Geological Sciences and Bolin Centre for Climate Research, Stockholm University, Stockholm, Sweden", 
d20190424_ZHANG_maple,Zhang,Quan,Yes,quan.zhang@whu.edu.cn,0000-0003-1127-5969,"State Key Laboratory of Water Resources and Hydropower Engineering Science, Wuhan University, Wuhan 430072, P.R. China", 
d20190424_ZHANG_maple,Phillips,Richard P.,Yes,rpp6@indiana.edu,0000-0002-1345-4138,"Department of Biology, Indiana University, 1001 East Third St. Bloomington, IN 47405, USA", 
d20190424_ZHANG_maple,Novick,Kimberly,No,knovick@indiana.edu,,, 
d20190424_ZHANG_oak,Zhang,Quan,Yes,quan.zhang@whu.edu.cn,0000-0003-1127-5969,"State Key Laboratory of Water Resources and Hydropower Engineering Science, Wuhan University, Wuhan 430072, P.R. China", 
d20190424_ZHANG_oak,Phillips,Richard P.,Yes,rpp6@indiana.edu,0000-0002-1345-4138,"Department of Biology, Indiana University, 1001 East Third St. Bloomington, IN 47405, USA", 
d20190424_ZHANG_oak,Novick,Kimberly,No,knovick@indiana.edu,,, 
d20190430_DESAI,Phillips,Claire L.,Yes,phillips.claire.l@gmail.com,0000-0001-9072-6806,"U.S. Department of Agriculture Forage Seed and Cereal Research Unit, Corvallis, OR 97331, USA", 
d20190430_DESAI,McFarlane,Karis,No,mcfarlane3@llnl.gov,0000-0001-6390-7863,, 
d20190430_DESAI,Desai,Ankur R.,Yes,desai@aos.wisc.edu,0000-0002-5226-6041,"Department of Atmospheric and Oceanic Sciences, University of Wisconsin-Madison, AOSS 1549, 1225 W Dayton St, Madison, WI 53706, USA", 
d20190504_SAVAGE_hf006-03,Sihi,Debjani,Yes,sihid@ornl.gov,0000-0002-5513-8862,"Climate Change Science Institute and Environmental Sciences Division, Oak Ridge National Laboratory, 1 Bethel Valley Rd, Oak Ridge, TN 37830, USA", 
d20190504_SAVAGE_hf006-03,Savage,Kathleen E.,Yes,savage@whrc.org,0000-0002-1649-5314,"Woods Hole Research Center, Falmouth, MA 02540, USA", 
d20190504_SAVAGE_hf006-03,Davidson,Eric A.,Yes,edavidson@umces.edu,0000-0002-8525-8697,"Appalachian Laboratory, University of Maryland Center for Environmental Science, Frostburg, MD 21532, USA",E.A.D. was supported by US DOE's Award # DE-SC0006741
d20190504_SAVAGE_hf006-05,Sihi,Debjani,Yes,sihid@ornl.gov,0000-0002-5513-8862,"Climate Change Science Institute and Environmental Sciences Division, Oak Ridge National Laboratory, 1 Bethel Valley Rd, Oak Ridge, TN 37830, USA",
d20190504_SAVAGE_hf006-05,Savage,Kathleen E.,Yes,savage@whrc.org,0000-0002-1649-5314,"Woods Hole Research Center, Falmouth, MA 02540, USA", 
d20190504_SAVAGE_hf006-05,Davidson,Eric A.,Yes,edavidson@umces.edu,0000-0002-8525-8697,"Appalachian Laboratory, University of Maryland Center for Environmental Science, Frostburg, MD 21532, USA", 
d20190517_MAURITZ,Mauritz,Marguerite,Yes,memauritz@utep.edu,0000-0001-8733-9119,"University of Texas at El Paso, Biological Sciences, 500 W University, El Paso, TX 79902, USA", 
d20190517_MAURITZ,Lipson,David,Yes,dlipson@sdsu.edu,0000-0003-4530-1539,"San Diego State University, Biology Department, 5500 Campanile Drive, San Diego, CA 92182-4614, USA", 
d20190520_RUEHR,Ruehr,Nadine K.,Yes,nadine.ruehr@kit.edu,0000-0001-5989-7463,"Institute of Meteorology and Climate Research–Atmospheric Environmental Research, KIT-Campus Alpin, Karlsruhe Institute of Technology, 82467 Garmisch-Partenkirchen, Germany", 
d20190520_RUEHR,Law,Beverly,No,bev.law@oregonstate.edu,0000-0002-1605-1203,, 
d20190526_MINIONS_EML,Lee,Bang-Yong,No,bylee@kopri.re.kr,,, 
d20190526_MINIONS_HCB,Lee,Bang-Yong,No,bylee@kopri.re.kr,,, 
d20190526_MINIONS_HCU,Lee,Bang-Yong,No,bylee@kopri.re.kr,,, 
d20190526_MINIONS_IMNH,Lee,Bang-Yong,No,bylee@kopri.re.kr,,, 
d20190526_MINIONS_IMNL,Lee,Bang-Yong,No,bylee@kopri.re.kr,,, 
d20190526_MINIONS_NCU_OLD,Lee,Bang-Yong,No,bylee@kopri.re.kr,,, 
d20190526_PENNINGTON,Pennington,Stephanie C.,Yes,stephanie.pennington@pnnl.gov,0000-0003-2685-1092,"Pacific Northwest National Laboratory, Joint Global Change Research Institute at the University of Maryland–College Park, College Park, MD 20740, USA", 
d20190526_PENNINGTON,Bond-Lamberty,Ben,Yes,bondlamberty@pnnl.gov,0000-0001-9525-4633,"Pacific Northwest National Laboratory, Joint Global Change Research Institute at the University of Maryland–College Park, College Park, MD 20740, USA", 
d20190526_RAICH_diel,Raich,James W.,Yes,jraich@iastate.edu,0000-0002-7637-299X,"Department of Ecology, Evolution & Organismal Biology, Iowa State University, Ames, IA 50010-4009, USA", 
d20190526_RAICH_survey,Raich,James W.,Yes,jraich@iastate.edu,0000-0002-7637-299X,"Department of Ecology, Evolution & Organismal Biology, Iowa State University, Ames, IA 50010-4009, USA", 
d20190527_GOULDEN,Miller,Scott,Yes,smiller@albany.edu,0000-0002-9016-5559,"University at Albany, State University of New York", 
d20190527_GOULDEN,Goulden,Michael,Yes,mgoulden@uci.edu,0000-0002-9379-3948,University of California at Irvine, 
d20190607_RUEHR,Ruehr,Nadine K.,Yes,nadine.ruehr@kit.edu,0000-0001-5989-7463,"Institute of Meteorology and Climate Research–Atmospheric Environmental Research, KIT-Campus Alpin, Karlsruhe Institute of Technology, 82467 Garmisch-Partenkirchen, Germany", 
d20190607_RUEHR,Buchmann,Nina,Yes,nina.buchmann@usys.ethz.ch,0000-0003-0826-2980,"Department of Environmental Systems Science, Institute of Agricultural Sciences, ETH Zurich, Zurich, Switzerland", 
d20190610_SIHI_(all),Sihi,Debjani,Yes,sihid@ornl.gov,0000-0002-5513-8862,"Climate Change Science Institute and Environmental Sciences Division, Oak Ridge National Laboratory, 1 Bethel Valley Rd, Oak Ridge, TN 37830, USA",
d20190610_SIHI_(all),Savage,Kathleen E.,Yes,savage@whrc.org,0000-0002-1649-5314,"Woods Hole Research Center, Falmouth, MA 02540, USA",
d20190610_SIHI_(all),Hughes,Holly,Yes,holly.hughes@maine.edu,,"School of Forest Resources, University of Maine, Orono, ME 04469, USA", 
d20190610_SIHI_(all),Davidson,Eric A.,Yes,edavidson@umces.edu,0000-0002-8525-8697,"Appalachian Laboratory, University of Maryland Center for Environmental Science, Frostburg, MD 21532, USA",Supported by USDA grant # 2014-67003-22073
d20190617_SCOTT_SRM,Scott,Russell L.,Yes,russ.scott@ars.usda.gov,0000-0003-2987-5380,"Southwest Watershed Research Center, USDA-ARS, Tucson, AZ 85719, USA", 
d20190617_SCOTT_WHS,Scott,Russell L.,Yes,russ.scott@ars.usda.gov,0000-0003-2987-5380,"Southwest Watershed Research Center, USDA-ARS, Tucson, AZ 85719, USA", 
d20190617_SCOTT_WKG,Scott,Russell L.,Yes,russ.scott@ars.usda.gov,0000-0003-2987-5380,"Southwest Watershed Research Center, USDA-ARS, Tucson, AZ 85719, USA", 
d20190626_VARGAS,Vargas,Rodrigo,Yes,rvargas@udel.edu,0000-0001-6829-5333,"Department of Plant and Soil Sciences, University of Delaware, Newark, DE 19716, USA", 
d20190722_GORRES,Görres,Carolyn-Monika,Yes,carolyn.goerres@gmail.com,0000-0001-7166-1947,"Plants and Ecosystems, Department of Biology, University of Antwerp, 2610 Wilrijk, Belgium", 
d20190722_GORRES,Ceulemans,Reinhart,No,,,, 
d20190821_LIU,Zha,Tianshan,Yes,tianshanzha@bjfu.edu.cn,,"School of Soil and Water Conservation, Beijing Forestry University,100083, Beijing, P.R. China", 
d20190821_LIU,Liu,Peng,No,spiritlover@126.com,,, 
d20190821_LIU,Jia,Xin,No,xinjia@bjfu.edu.cn,,, 
d20190830_LIANG,Zeng,Jiye,Yes,zeng@nies.go.jp,,"Center for Global Environmental Research, National Institute for Environmental Studies, Tsukuba, Ibaraki 305-8506, Japan", 
d20190830_LIANG,Teramoto,Munemasa,Yes,teramoto.m@tottori-u.ac.jp,0000-0003-3211-5761,"Center for Global Environmental Research, National Institute for Environmental Studies, Tsukuba, Ibaraki 305-8506, Japan",
d20190830_LIANG,Teramoto,Munemasa,Yes,teramoto.m@tottori-u.ac.jp,0000-0003-3211-5761,"Present address: Arid Land Research Center, Tottori University, Tottori 680–0001, Japan",
d20190830_LIANG,Takagi,Masahiro,Yes,mtakagi@cc.miyazaki-u.ac.jp,,"Faculty of Agriculture, University of Miyazaki, Gakuen-Kibanadai-Nishi-1-1, Miyazaki 889-2091, Japan", 
d20190830_LIANG,Liang,Naishen,Yes,liang@nies.go.jp,,"Center for Global Environmental Research, National Institute for Environmental Studies, Tsukuba, Ibaraki 305-8506, Japan", 
d20190831_SIHI,Stark,Jordan,No,,,, 
d20190831_SIHI,Silver,Whendee L.,Yes,wsilver@berkeley.edu,0000-0003-0372-8745,"Department of Environmental Science, Policy, and Management, University of California, Berkeley, CA 94720, USA",Supported by grants from US DOE (TES-DE-FOA-0000749) and NSF (DEB-1457805)  
d20190831_SIHI,Sihi,Debjani,Yes,sihid@ornl.gov,0000-0002-5513-8862,"Climate Change Science Institute and Environmental Sciences Division, Oak Ridge National Laboratory, 1 Bethel Valley Rd, Oak Ridge, TN 37830, USA", 
d20190831_SIHI,Salladay,Ryan,No,,,, 
d20190831_SIHI,Salazar Ortiz,Mónica,No,monica.salazar1010@gmail.com,,, 
d20190831_SIHI,O’Connell,Christine S.,Yes,coconnell@macalester.edu,0000-0002-5373-7933,"Department of Environmental Science, Policy, and Management, University of California, Berkeley, CA 94720, USA", 
d20190831_SIHI,O’Connell,Christine S.,Yes,coconnell@macalester.edu,0000-0002-5373-7933,"Department of Environmental Studies, Macalester College, St Paul, MN 55105, USA", 
d20190831_SIHI,Mayes,Melanie A.,Yes,mayesma@ornl.gov,0000-0001-6368-9210,"Climate Change Science Institute and Environmental Sciences Division, Oak Ridge National Laboratory, 1 Bethel Valley Rd, Oak Ridge, TN 37830, USA", Supported by an Early Career Award through US DOE's Biological and Environmental Research Program
d20190918_MIAO,Noormets,Asko,Yes,noormets@tamu.edu,0000-0003-2221-2111,"Department of Ecology and Conservation Biology, Texas A&M University, College Station, TX 77843, USA", 
d20190918_MIAO,Miao,Guofang,Yes,guofang.miao@gmail.com,0000-0001-5532-932X,"School of Geographical Sciences, Fujian Normal University, Fuzhou, FJ-350007, P.R. China", 
d20190919_MIGLIAVACCA,Wutzler,Thomas,Yes,twutz@bgc-jena.mpg.de,0000-0003-4159-5445,"Max Planck Institute for Biogeochemistry, Jena, 07745, Germany", 
d20190919_MIGLIAVACCA,Schrumpf,Marion,Yes,mschrumpf@bgc-jena.mpg.de,,"Max Planck Institute for Biogeochemistry, Jena, 07745, Germany", 
d20190919_MIGLIAVACCA,Migliavacca,Mirco,Yes,mmiglia@bgc-jena.mpg.de,0000-0003-3546-8407,"Max Planck Institute for Biogeochemistry, Jena, 07745, Germany", 
d20190919_MIGLIAVACCA,El-Madany,Tarek S.,Yes,telmad@bgc-jena.mpg.de,0000-0002-0726-7141,"Max Planck Institute for Biogeochemistry, Jena, 07745, Germany", 
d20191017_BALDOCCHI,Tang,Jinwu,No,jtang@mbl.edu,0000-0003-2498-9012,, 
d20191017_BALDOCCHI,Baldocchi,Dennis,Yes,baldocchi@berkeley.edu,0000-0003-3496-4919,"Department of Environmental Science, Policy, and Management, University of California, Berkeley, CA 94720, USA", 
d20191214_PANG,Zou,Junliang,Yes,jlzou@nwafu.edu.cn,,"Beijing Research & Development Centre for Grass and Environment, Beijing Academy of Agriculture and Forestry Sciences, Beijing 100097, China",
d20191214_PANG,Wu,Juying,Yes,wujuying@grass-env.com,,"Beijing Research & Development Centre for Grass and Environment, Beijing Academy of Agriculture and Forestry Sciences, Beijing 100097, China",J.W. was supported by Special Project on Hi-Tech Innovation Capacity (Grant No. KJCX20200302) from Beijing Academy of Agriculture and Forestry Sciences (BAAFS)
d20191214_PANG,Sun,Tiejun,Yes,stj_cau@163.com,,"Beijing Research & Development Centre for Grass and Environment, Beijing Academy of Agriculture and Forestry Sciences, Beijing 100097, China",T.S. was supported by Special Project on Hi-Tech Innovation Capacity (Grant No. KJCX20200302) from Beijing Academy of Agriculture and Forestry Sciences (BAAFS)
d20191214_PANG,Pang,Zhuo,Yes,pangzh-84@163.com,0000-0002-4834-3403,"Beijing Research & Development Centre for Grass and Environment, Beijing Academy of Agriculture and Forestry Sciences, Beijing 100097, China",Z.P. was supported by Special Project on Hi-Tech Innovation Capacity (Grant No. KJCX20200302) from Beijing Academy of Agriculture and Forestry Sciences (BAAFS)
d20191214_PANG,Kan,Haiming,Yes,kanhaiming@126.com,,"Beijing Research & Development Centre for Grass and Environment, Beijing Academy of Agriculture and Forestry Sciences, Beijing 100097, China",H.K. was supported by Special Project on Hi-Tech Innovation Capacity (Grant No. KJCX20200302) from Beijing Academy of Agriculture and Forestry Sciences (BAAFS)
d20200108_HE,Wang,Yonghui,No,yhwang@imu.edu.cn,,, 
d20200108_HE,He,Jin-Sheng,Yes,jshe@pku.edu.cn,0000-0001-5081-3569,"Institute of Ecology, College of Urban and Environmental Sciences, Peking University, Beijing 100871, China ", 
d20200108_JASSAL,Jassal,Rachhpal,Yes,rachhpal.jassal@ubc.ca,0000-0002-6727-5215,"Faculty of Land and Food Systems, University of British Columbia, Vancouver, BC, Canada", 
d20200108_JASSAL,Black,Thomas Andrew,Yes,andrew.black@ubc.ca,0000-0002-7494-9767,"Faculty of Land and Food Systems, University of British Columbia, Vancouver, BC, Canada", 
d20200109_HIRANO_PDB,Hirano,Takashi,Yes,hirano@env.agr.hokudai.ac.jp,0000-0002-0325-3922,"Research Faculty of Agriculture, Hokkaido University, Sapporo 060-8589, Japan", 
d20200109_HIRANO_PDF,Hirano,Takashi,Yes,hirano@env.agr.hokudai.ac.jp,0000-0002-0325-3922,"Research Faculty of Agriculture, Hokkaido University, Sapporo 060-8589, Japan", 
d20200109_HIRANO_PUF,Hirano,Takashi,Yes,hirano@env.agr.hokudai.ac.jp,0000-0002-0325-3922,"Research Faculty of Agriculture, Hokkaido University, Sapporo 060-8589, Japan", 
d20200114_CARBONE_BURNS,Winston,Greg,Yes,gwinston@cypresscollege.edu,,"Department of Science, Engineering and Mathematics, Cypress College, Cypress, CA 90630, USA", 
d20200114_CARBONE_BURNS,Trumbore,Susan,Yes,trumbore@bgc-jena.mpg.de,0000-0003-3885-6202,"Max Planck Institute for Biogeochemistry, Jena, 07745, Germany", 
d20200114_CARBONE_BURNS,Carbone,Mariah S.,Yes,Mariah.carbone@nau.edu,0000-0002-7832-7009,"Center for Ecosystem Science and Society, Northern Arizona University, Flagstaff, AZ 86011, USA", 
d20200114_CARBONE_JAMES,Trumbore,Susan,Yes,trumbore@bgc-jena.mpg.de,0000-0003-3885-6202,"Max Planck Institute for Biogeochemistry, Jena, 07745, Germany", 
d20200114_CARBONE_JAMES,Carbone,Mariah S.,Yes,Mariah.carbone@nau.edu,0000-0002-7832-7009,"Center for Ecosystem Science and Society, Northern Arizona University, Flagstaff, AZ 86011, USA", 
d20200114_CARBONE_OWENS_GRASS,Trumbore,Susan,Yes,trumbore@bgc-jena.mpg.de,0000-0003-3885-6202,"Max Planck Institute for Biogeochemistry, Jena, 07745, Germany", 
d20200114_CARBONE_OWENS_GRASS,Carbone,Mariah S.,Yes,Mariah.carbone@nau.edu,0000-0002-7832-7009,"Center for Ecosystem Science and Society, Northern Arizona University, Flagstaff, AZ 86011, USA", 
d20200114_CARBONE_OWENS_SHRUB,Trumbore,Susan,Yes,trumbore@bgc-jena.mpg.de,0000-0003-3885-6202,"Max Planck Institute for Biogeochemistry, Jena, 07745, Germany", 
d20200114_CARBONE_OWENS_SHRUB,Carbone,Mariah S.,Yes,Mariah.carbone@nau.edu,0000-0002-7832-7009,"Center for Ecosystem Science and Society, Northern Arizona University, Flagstaff, AZ 86011, USA", 
d20200114_CARBONE_SC_EMBUDO,Carbone,Mariah S.,Yes,Mariah.carbone@nau.edu,0000-0002-7832-7009,"Center for Ecosystem Science and Society, Northern Arizona University, Flagstaff, AZ 86011, USA", 
d20200114_CARBONE_SC_SAUCE,Carbone,Mariah S.,Yes,Mariah.carbone@nau.edu,0000-0002-7832-7009,"Center for Ecosystem Science and Society, Northern Arizona University, Flagstaff, AZ 86011, USA", 
d20200120_CHANG,Chang,Shih-Chieh,Yes,scchang@gms.ndhu.edu.tw,0000-0002-8236-227X,"Department of Natural Resources and Environmental Studies, Center for Interdisciplinary Research on Ecology and Sustainability, National Dong Hwa University, Hualien, 97401, Taiwan","Supported by the Ministry of Science and Technology, Taiwan"
d20200122_BLACK,Jassal,Rachhpal,Yes,rachhpal.jassal@ubc.ca,0000-0002-6727-5215,"Faculty of Land and Food Systems, University of British Columbia, Vancouver, BC, Canada", 
d20200122_BLACK,Gaumont-Guay,David,No,,,, 
d20200122_BLACK,Black,Thomas Andrew,Yes,andrew.black@ubc.ca,0000-0002-7494-9767,"Faculty of Land and Food Systems, University of British Columbia, Vancouver, BC, Canada", 
d20200207_GUTIERREZ_DEL_ARROYO,Gutiérrez del Arroyo,Omar,Yes,omar.gutierrezdela@gmail.com,0000-0001-9550-3476,"Department of Environmental Science, Policy, and Management, University of California, Berkeley, CA 94720, USA", 
d20200207_GUTIERREZ_DEL_ARROYO,Wood,Tana E.,Yes,tana.e.wood@usda.gov,0000-0001-6322-6224,"USDA Forest Service International Institute of Tropical Forestry, Río Piedras, Puerto Rico 00926", 
d20200212_ATAKA,Kominami,Yuji,Yes,kominy@ffpri.affrc.go.jp,,"Forestry and Forest Products Research Institute, Tsukuba-city Ibaragi 305-8687, Japan", 
d20200212_ATAKA,Ataka,Mioko,Yes,teshimamioko@yahoo.co.jp,0000-0002-2981-2235,"Research Institute for Sustainable Humanosphere, Kyoto University, Uji City, Kyoto 611-0011, Japan", 
d20200212_KAYE_(all),Kaye,Jason,Yes,jpk12@psu.edu,0000-0001-9762-0801,"The Pennsylvania State University, University Park, PA 16802, USA", 
d20200212_KAYE_(all),He,Yuting,No,yzh120@psu.edu,0000-0001-6811-9962,, 
d20200212_KAYE_(all),Eissenstat,David,No,dme9@psu.edu,0000-0001-8140-0804,, 
d20200213_SEIBT,Sun,Wu,Yes,wsun@carnegiescience.edu,0000-0002-2333-6282,"Department of Global Ecology, Carnegie Institution for Science, Stanford, CA 94305, USA", 
d20200213_SEIBT,Seibt,Ulli,Yes,useibt@ucla.edu,0000-0001-6043-6269,"Department of Atmospheric and Oceanic Sciences, University of California Los Angeles, CA 90095, USA", 
d20200213_SEIBT,Maseyk,Kadmiel,Yes,kadmiel.maseyk@open.ac.uk,0000-0003-3299-4380,"School of Environment, Earth and Ecosystem Sciences, The Open University, Milton Keynes MK7 6AA, UK", 
d20200213_SEIBT,Lett,Celine,No,Celine.Lett@aces.su.se,,, 
d20200214_SZUTU_(all),Verfaillie,Joseph,Yes,jverfail@berkeley.edu,0000-0002-7009-8942,"Department of Environmental Science, Policy, and Management, University of California, Berkeley, CA 94720, USA", 
d20200214_SZUTU_(all),Szutu,Daphne,Yes,daphneszutu@berkeley.edu,0000-0001-7698-0461,"Department of Environmental Science, Policy, and Management, University of California, Berkeley, CA 94720, USA", 
d20200214_SZUTU_(all),Baldocchi,Dennis,Yes,baldocchi@berkeley.edu,0000-0003-3496-4919,"Department of Environmental Science, Policy, and Management, University of California, Berkeley, CA 94720, USA", 
d20200220_GAVAZZI,Noormets,Asko,Yes,noormets@tamu.edu,0000-0003-2221-2111,"Department of Ecology and Conservation Biology, Texas A&M University, College Station, TX 77843, USA", 
d20200220_GAVAZZI,McNulty,Steve,Yes,steve.mcnulty@usda.gov,0000-0003-4518-5646,"Eastern Forest Environmental Threat Assessment Center, USDA Forest Service, Research Triangle Park, NC 27709, USA", 
d20200220_GAVAZZI,Gavazzi,Michael,Yes,michael.gavazzi@usda.gov,0000-0001-7915-6005,"Eastern Forest Environmental Threat Assessment Center, USDA Forest Service, Research Triangle Park, NC 27709, USA", 
d20200221_MATHES,Vogel,Christoph,Yes,csvogel@umich.edu,,"University of Michigan Biological Station, Pellston MI 49769, USA", 
d20200221_MATHES,Mathes,Kayla,Yes,matheskc@vcu.edu,0000-0001-8812-8866,"Integrated Life Sciences, Virginia Commonwealth University, Richmond, VA 23284, USA", 
d20200221_MATHES,Gough,Christopher M.,Yes,cmgough@vcu.edu,0000-0002-1227-7731,"Department of Biology, Virginia Commonwealth University, Richmond, VA 23284, USA", 
d20200224_MATHES,Nietz,Jennifer G.,Yes,jennifergoedhart@gmail.com,,"Department of Evolution, Ecology and Organismal Biology, Ohio State University, Columbus, OH 43210, USA", 
d20200224_MATHES,Mathes,Kayla,Yes,matheskc@vcu.edu,0000-0001-8812-8866,"Integrated Life Sciences, Virginia Commonwealth University, Richmond, VA 23284, USA", 
d20200224_MATHES,Curtis,Peter S.,Yes,curtis.7@osu.edu,,"Department of Evolution, Ecology and Organismal Biology, Ohio State University, Columbus, OH 43210, USA", 
d20200228_RENCHON,Tjoelker,Mark G.,Yes,M.Tjoelker@westernsydney.edu.au,0000-0003-4607-5238,"Hawkesbury Institute for the Environment, Western Sydney University, Penrith, NSW 2751, Australia",
d20200228_RENCHON,Renchon,Alexandre A.,Yes,a.renchon@gmail.com,0000-0002-9521-5092,"Hawkesbury Institute for the Environment, Western Sydney University, Penrith, NSW 2751, Australia","Australian Research Council grants DP170102766, DP110105102 and DP160102452."
d20200228_RENCHON,Pendall,Elise,Yes,e.pendall@westernsydney.edu.au,0000-0002-1651-8969,"Hawkesbury Institute for the Environment, Western Sydney University, Penrith, NSW 2751, Australia","Australian Research Council grants DP170102766, DP110105102 and DP160102452."
d20200228_RENCHON,Macdonald,Catriona,Yes,c.macdonald@westernsydney.edu.au,0000-0001-9239-4593,"Hawkesbury Institute for the Environment, Western Sydney University, Penrith, NSW 2751, Australia","Australian Research Council grants DP170102766, DP110105102 and DP160102452."
d20200228_RENCHON,Ellsworth,David S.,No,d.ellsworth@westernsydney.edu.au,0000-0002-9699-2272,,
d20200228_RENCHON,Drake,John,Yes,jedrake@esf.edu,0000-0001-9453-1766,"Sustainable Resources Management, SUNY-ESF, 1 Forestry Drive, Syracuse, NY 13210, USA","Australian Research Council grants DP170102766, DP110105102 and DP160102452."
d20200229_PHILLIPS,Phillips,Claire L.,Yes,phillips.claire.l@gmail.com,0000-0001-9072-6806,"U.S. Department of Agriculture Forage Seed and Cereal Research Unit, Corvallis, OR 97331, USA","DOE #DE-FG02-05ER64048, Effect of Asymmetric Versus Symmetric Warming on Grassland Mesocosms
"
d20200229_PHILLIPS,Gregg,Jillian,Yes,jillian.gregg@oregonstate.edu,,"Sustainability Double Degree Program, Oregon State University, Corvallis, OR 97331, USA","DOE #DE-FG02-05ER64048, Effect of Asymmetric Versus Symmetric Warming on Grassland Mesocosms
"
d20200305_VARGAS,Vargas,Rodrigo,Yes,rvargas@udel.edu,0000-0001-6829-5333,"Department of Plant and Soil Sciences, University of Delaware, Newark, DE 19716, USA", 
d20200331_PEICHL,Peichl,Matthias,Yes,matthias.peichl@slu.se,0000-0002-9940-5846,"Department of Forest Ecology and Management, Swedish University of Agricultural Sciences, 901 83 Umeå, Sweden",SITES (Swedish Infrastructure for Ecosystem Science)
d20200331_PEICHL,Järveoja,Järvi,Yes,Jarvi.Jarveoja@slu.se,0000-0001-6317-660X,"Department of Forest Ecology and Management, Swedish University of Agricultural Sciences, 901 83 Umeå, Sweden", 
d20200331_PEICHL,Nilsson,Mats B.,Yes,Mats.B.Nilsson@slu.se,0000-0003-3765-6399,"Department of Forest Ecology and Management, Swedish University of Agricultural Sciences, 901 83 Umeå, Sweden", 
d20200328_UEYAMA_FAIRBANKS,Ueyama,Masahito,Yes,miyabi-flux@muh.biglobe.ne.jp,0000-0002-4000-4888,"Graduate School of Life and Environmental Sciences, Osaka Prefecture University, Sakai, 599-8531, Japan", supported by the Arctic Challenge for Sustainability (ArCS; JPMXD1300000000) project.
d20200328_UEYAMA_HOKUROKU,Ueyama,Masahito,Yes,miyabi-flux@muh.biglobe.ne.jp,0000-0002-4000-4888,"Graduate School of Life and Environmental Sciences, Osaka Prefecture University, Sakai, 599-8531, Japan", supported by JSPS KAKENHI Grant Number 23681004 and 26701002.
d20200328_UEYAMA_HOKUROKU,Takahashi,Yoshiyuki,No,,,, 
d20200328_UEYAMA_TESHIO,Ueyama,Masahito,Yes,miyabi-flux@muh.biglobe.ne.jp,0000-0002-4000-4888,"Graduate School of Life and Environmental Sciences, Osaka Prefecture University, Sakai, 599-8531, Japan", supported by JSPS KAKENHI Grant Number 26701002.
d20200328_UEYAMA_TESHIO,Takagi,Kentaro,Yes,kentt@fsc.hokudai.ac.jp,0000-0002-1321-2841 ,"Field Science Center for Northern Biosphere, Hokkaido University, Horonobe, 098-2943, Japan ", 
d20200328_UEYAMA_YAMASHIRO,Ueyama,Masahito,Yes,miyabi-flux@muh.biglobe.ne.jp,0000-0002-4000-4888,"Graduate School of Life and Environmental Sciences, Osaka Prefecture University, Sakai, 599-8531, Japan", supported by JSPS KAKENHI Grant Number 26701002.
d20200328_UEYAMA_YAMASHIRO,Kominami,Yuji,Yes,kominy@ffpri.affrc.go.jp,,"Forestry and Forest Products Research Institute, Tsukuba-city Ibaragi 305-8687, Japan", 
d20200407_WANG,Wang,Jinsong,Yes,wangjinsong@igsnrr.ac.cn,0000-0002-3425-7387,"Key Laboratory of Ecosystem Network Observation and Modeling, Institute of Geographic Sciences and Natural Resources  Research, Chinese Academy of Sciences, Beijing 100101, China",
d20200417_ARAIN_TP39,Arain,M. Atlaf,Yes,arainm@mcmaster.ca,0000-0002-1433-5173,"School of Geography and Earth Sciences, McMaster University, Hamilton, Ontario, Canada",
d20200417_ARAIN_TP74,Arain,M. Atlaf,Yes,arainm@mcmaster.ca,0000-0002-1433-5173,"School of Geography and Earth Sciences, McMaster University, Hamilton, Ontario, Canada",
d20200417_ARAIN_TPD,Arain,M. Atlaf,Yes,arainm@mcmaster.ca,0000-0002-1433-5173,"School of Geography and Earth Sciences, McMaster University, Hamilton, Ontario, Canada",
d20200419_PEREZ-QUEZADA,Perez-Quezada,Jorge F.,Yes,jorgepq@uchile.cl,0000-0002-0449-7654,"Department of Environmental Science and Renewable Natural Resources, University of Chile, Santiago, Chile; Institute of Ecology and Biodiversity, Santiago, Chile","National Commission for Scientific and Technological Research (CONICYT, Chile) through the grants FONDEQUIP AIC-37 and AFB170008 from the Associative Research Program, and FONDECYT N° 1130935 and 1171239"
d20200419_PEREZ-QUEZADA,Armesto,Juan J.,Yes,jarmesto@bio.puc.cl,0000-0002-6645-4406,"Departamento de Ecología, Pontificia Universidad Católica de Chile, Casilla 114-D, Santiago, Chile; Instituto de Ecología y Biodiversidad, Santiago, Chile",
d20200423_SANCHEZ-CANETE,Sánchez-Cañete,Enrique P.,Yes,enripsc@ugr.es,0000-0003-0482-6726,"Department of Applied Physics, University of Granada, Granada, 18071, Spain",
d20200423_OYONARTE,Oyonarte,Cecilio,Yes,coyonart@ual.es,0000-0002-2634-4472,"Department of Agronomy. University of Almería, Almería, 04120, Spain",